Ccy1,Ccy2,spotdays,WeekendDays,Precision,LastUpdatedTime
EUR,XCD,2021-09-13,Monday,9.1660273028,21-03-15
GHS,RSD,2021-12-07,Wednesday,5.9205946909,21-06-14
SGD,AUD,2020-04-17,Saturday,1.2350475951,21-03-31
,USD,2021-09-20,Monday,10.9951053925,21-10-02
RSD,MDL,2021-09-07,Thursday,5.2523719394,21-03-02
EUR,XAF,2020-11-21,Monday,6.4367205594,21-01-22
EUR,USD,2020-08-17,Monday,2.3097170283,21-08-14
,FKP,2020-04-27,Thursday,8.5064579211,21-07-23
USD,ETB,2021-02-23,Wednesday,4.119864883,20-10-23
ILS,,2020-08-31,Friday,1.8744162689,20-12-30
XOF,NOK,2020-05-07,Wednesday,1.8415337999,21-08-08
,,2020-07-14,Tuesday,10.5427333249,21-08-31
EUR,EUR,2020-02-22,Monday,2.4101576957,21-11-11
USD,CLP,2021-10-16,Thursday,3.4729066931,21-01-13
EUR,CNY,2021-11-01,Tuesday,7.8251456277,21-11-16
GBP,AMD,2021-03-23,Friday,1.3483584606,21-04-18
NZD,BND,2020-09-27,Friday,3.2634550445,20-06-08
USD,AUD,2020-09-28,Sunday,1.9476491087,20-04-20
SHP,SHP,2021-11-06,Tuesday,8.5544028807,21-07-27
LBP,AMD,2021-10-17,Tuesday,10.8213177277,21-11-01
SLL,UYU,2021-06-06,Monday,1.9683675488,20-09-12
NOK,XAF,2021-12-30,Sunday,10.8682890724,20-11-09
EUR,,2021-03-30,Friday,3.6516525582,21-03-01
ZAR,NIO,2021-09-19,Sunday,2.5781605624,21-05-12
EUR,AOA,2020-12-08,Saturday,2.048703097,21-11-02
KHR,PGK,2020-08-23,Friday,8.487075624,21-05-03
VUV,KPW,2021-09-03,Saturday,8.878633884,20-03-30
EUR,XCD,2020-01-13,Thursday,8.1328641841,21-05-24
AOA,USD,2020-02-15,Thursday,7.0566784396,20-11-04
ZAR,YER,2020-02-13,Monday,5.652293168,20-07-05
TOP,EUR,2021-04-14,Tuesday,2.159995593,20-03-08
GIP,EUR,2020-02-04,Monday,7.5052707365,21-01-26
EUR,EUR,2021-08-14,Wednesday,7.7953919326,20-12-10
ZAR,NAD,2021-04-20,Thursday,7.3848110105,21-09-22
CLP,LYD,2020-10-19,Thursday,1.5986950115,20-02-07
SHP,TMT,2021-03-27,Thursday,6.2983173286,21-04-04
DJF,HTG,2021-05-11,Wednesday,4.039007712,20-09-17
XPF,HRK,2021-01-07,Saturday,4.9472090324,20-03-04
PKR,XOF,2021-05-30,Sunday,6.6869051482,20-02-09
MUR,EUR,2020-08-19,Sunday,1.9201630215,21-11-07
YER,GEL,2021-01-25,Sunday,3.0840183527,21-08-14
LRD,KWD,2021-06-03,Sunday,4.809888559,21-09-27
BND,VUV,2021-09-14,Thursday,4.5586751793,20-04-30
PYG,TND,2021-08-31,Saturday,10.114786656,20-11-26
KRW,WST,2020-03-26,Tuesday,1.54954562,21-07-09
GBP,MYR,2021-07-12,Thursday,4.3562839194,21-04-13
OMR,JOD,2020-09-24,Wednesday,10.9896957543,21-12-16
JMD,KYD,2021-08-14,Friday,10.3091785318,21-02-20
RSD,AZN,2021-07-09,Friday,1.7639277501,20-02-11
SHP,EUR,2020-04-29,Friday,9.3734931709,20-12-09
ERN,USD,2020-07-12,Wednesday,8.4907224893,20-04-24
GBP,HTG,2021-05-23,Wednesday,2.6277062103,20-05-03
,SGD,2020-12-19,Monday,4.9280690292,21-12-18
GTQ,AZN,2021-06-16,Tuesday,6.1594595302,20-04-10
XCD,BND,2020-11-03,Sunday,9.0418890608,20-03-02
PKR,EUR,2021-12-02,Saturday,2.5919849965,21-01-20
EUR,,2020-02-03,Sunday,7.4782975829,21-12-13
XCD,EUR,2020-11-06,Saturday,2.8262390342,20-09-30
USD,EUR,2020-05-14,Sunday,1.1585958152,21-09-28
XCD,EUR,2020-04-09,Sunday,7.3577942438,20-09-28
PGK,SLL,2020-04-03,Thursday,5.3815276311,20-12-12
EUR,EUR,2020-05-10,Saturday,7.244904631,21-12-21
EUR,AWG,2020-05-26,Sunday,1.3366456939,20-09-16
IDR,,2021-03-23,Thursday,2.4490819381,21-07-17
XAF,USD,2020-07-17,Wednesday,3.9958385793,21-04-07
EUR,XCD,2021-07-15,Tuesday,9.1196694707,20-10-07
EUR,JOD,2021-03-25,Thursday,1.4781320065,21-06-22
BBD,,2020-10-13,Saturday,10.9087661678,21-04-05
SGD,DZD,2020-01-14,Tuesday,3.343887551,21-06-01
AUD,LYD,2020-07-04,Tuesday,6.091756168,20-02-18
ILS,COP,2021-08-16,Friday,4.169277053,20-12-02
TOP,USD,2020-09-17,Friday,6.5563892157,20-02-11
XAF,USD,2020-06-14,Friday,4.6542911953,21-07-13
ZMW,USD,2020-10-01,Saturday,1.5949048116,21-07-04
,XCD,2021-02-06,Wednesday,4.2051309054,21-07-30
EUR,USD,2021-09-10,Monday,9.2795442706,21-09-02
BAM,CLP,2020-11-07,Monday,3.5716293713,20-06-20
,BWP,2021-11-29,Thursday,1.8936874008,20-09-07
TZS,EUR,2020-10-14,Friday,9.7159757909,20-01-29
ANG,GBP,2020-01-03,Sunday,6.6556588172,20-08-22
OMR,STD,2020-09-19,Monday,5.5515693687,20-03-24
SLL,GHS,2020-06-15,Monday,2.7990724086,20-08-14
,PAB,2020-04-24,Monday,6.0695986296,21-04-14
GBP,LRD,2020-09-28,Wednesday,4.3384042277,20-03-09
NAD,BMD,2020-03-04,Sunday,2.51403527,21-09-06
EUR,XOF,2021-03-08,Saturday,8.9990652765,20-08-09
JOD,MRO,2021-08-03,Friday,7.98593697,20-07-03
JMD,EUR,2020-08-24,Saturday,9.7185603675,21-03-07
none,GBP,2021-01-17,Sunday,2.75118286,21-06-15
BND,USD,2020-07-22,Monday,6.3012918738,20-11-26
MGA,LYD,2020-11-06,Sunday,5.1254257695,20-06-25
USD,EUR,2020-10-02,Friday,4.604711229,20-03-27
TND,none,2021-08-16,Sunday,9.6143612772,20-02-20
SHP,GHS,2020-10-04,Friday,1.7760199686,20-09-21
CVE,,2020-06-12,Friday,9.2646073482,20-08-25
HNL,TRY,2020-01-04,Wednesday,10.377301362,20-06-04
MWK,CZK,2021-07-10,Tuesday,9.7287324233,21-05-15
,SRD,2020-09-14,Thursday,8.6789048228,20-11-30
NIO,YER,2020-03-18,Tuesday,8.65025678,21-04-27
XCD,HRK,2020-11-14,Monday,9.4439856037,21-06-26
DJF,KGS,2020-12-19,Monday,3.7528393565,20-10-16
SSP,EUR,2020-09-29,Friday,6.0005687084,21-07-20
,NPR,2021-03-21,Monday,2.4126729251,21-03-04
XOF,GBP,2021-07-03,Friday,6.318123746,20-12-16
USD,,2020-11-20,Friday,4.5639916457,20-09-30
COP,NGN,2020-12-15,Thursday,8.8016413864,21-04-10
JPY,GBP,2020-12-02,Tuesday,4.1399980749,20-05-09
JMD,BWP,2020-09-19,Monday,4.7284960841,20-05-18
EUR,MGA,2021-08-26,Wednesday,10.1354474134,20-02-01
EUR,EUR,2021-12-13,Tuesday,2.9533641245,21-06-13
TJS,EUR,2021-10-10,Saturday,9.2674683824,21-03-24
,XAF,2021-11-15,Saturday,9.2560839594,20-04-10
SHP,GBP,2021-12-07,Thursday,2.9813006032,21-11-24
USD,ILS,2021-03-13,Saturday,4.7471900677,20-05-22
OMR,QAR,2020-05-13,Saturday,3.8214912233,21-11-25
LRD,OMR,2021-05-03,Tuesday,9.1537773597,21-03-26
BSD,XCD,2021-05-03,Friday,10.6478516529,21-11-05
KYD,BHD,2021-07-25,Friday,1.178145229,21-04-28
SDG,KYD,2020-10-27,Saturday,6.7364331267,21-10-14
KYD,RUB,2020-12-01,Wednesday,1.6496416084,21-09-19
MOP,USD,2021-12-08,Saturday,8.4950810565,20-08-15
YER,THB,2021-03-07,Wednesday,6.2862733668,21-06-21
SDG,THB,2021-07-25,Friday,4.2399729996,20-03-07
SLL,BND,2021-10-04,Saturday,8.1279981954,20-06-07
GBP,,2020-06-22,Saturday,2.7830670925,21-03-05
,LSL,2020-04-18,Wednesday,10.5472164794,21-11-26
SHP,NAD,2021-01-09,Wednesday,2.1157547459,20-02-09
USD,TND,2020-06-14,Thursday,6.8819842391,20-02-02
RUB,CHF,2020-03-04,Saturday,4.81850885,21-06-14
CZK,CLP,2020-11-08,Wednesday,4.5356410948,20-09-13
CAD,EGP,2021-06-11,Saturday,8.6814656642,21-01-19
LAK,NOK,2021-04-24,Friday,10.3277723289,21-12-21
USD,XAF,2020-01-24,Sunday,3.9496141994,21-03-21
,EUR,2021-02-20,Friday,10.3712135046,20-06-25
KRW,SBD,2020-03-03,Tuesday,4.7676133874,21-07-25
AWG,BAM,2020-12-03,Friday,10.6196691223,20-07-13
EUR,WST,2021-06-14,Thursday,2.5487362984,20-04-23
XCD,NPR,2020-05-01,Saturday,1.2587213857,21-04-21
USD,EUR,2021-07-22,Sunday,5.5112625026,21-01-12
EUR,,2020-10-09,Friday,1.6427952352,20-05-18
GNF,CHF,2021-10-18,Monday,5.9707695349,20-10-02
AMD,KYD,2020-09-01,Monday,7.6560694859,21-04-17
,EUR,2020-01-18,Sunday,4.0764635383,21-05-12
GMD,SHP,2021-09-20,Thursday,3.1221129582,21-11-28
UGX,AWG,2021-01-02,Monday,4.9869473519,20-04-06
FKP,ZAR,2021-10-24,Friday,4.4933298009,21-08-24
NIO,KGS,2021-07-01,Monday,3.896247934,20-03-15
YER,BAM,2021-11-03,Friday,1.9965756456,21-05-25
,,2021-03-26,Monday,2.2468919206,21-02-04
MRO,FJD,2021-04-13,Friday,7.0896229408,20-02-02
SDG,NOK,2021-01-04,Tuesday,6.6553402732,21-01-09
UAH,EUR,2020-10-20,Tuesday,8.4437243717,21-07-19
GBP,USD,2020-01-28,Wednesday,9.675094309,20-01-29
USD,GYD,2021-02-08,Friday,1.8623244083,20-01-23
UGX,JOD,2021-10-10,Tuesday,1.7709486496,20-07-28
,KYD,2021-01-25,Monday,10.2121507473,20-12-18
XCD,XCD,2020-05-29,Wednesday,5.6335134822,21-12-29
MYR,MRO,2020-12-14,Friday,8.0127373219,21-01-03
CAD,HUF,2021-05-09,Monday,9.3662800112,21-02-06
USD,XCD,2020-03-19,Sunday,6.055017948,20-05-16
CZK,USD,2020-02-17,Saturday,6.2745253851,21-09-13
XOF,EUR,2020-01-13,Saturday,2.5385320544,20-10-20
XAF,LRD,2020-06-26,Thursday,5.6131764693,20-12-16
GEL,TTD,2020-10-05,Wednesday,4.863775105,20-02-05
GYD,ISK,2020-04-22,Friday,9.3237591003,20-12-14
KHR,ISK,2021-06-16,Saturday,6.9109261465,21-01-06
,EUR,2020-11-27,Wednesday,1.4002559049,21-08-31
NOK,GBP,2021-02-03,Monday,2.7420787753,21-04-02
,EUR,2020-11-14,Thursday,7.5225725603,21-07-18
BWP,XAF,2020-10-01,Monday,2.0159377195,21-10-14
COP,EUR,2021-12-23,Thursday,7.5358352589,21-12-17
GIP,SZL,2021-09-05,Tuesday,5.9706637672,21-05-22
XAF,NPR,2021-10-15,Thursday,10.5546382841,21-11-09
KRW,EUR,2020-04-09,Friday,3.9874714689,20-03-30
EUR,JOD,2021-03-30,Friday,7.242120031,20-09-25
NZD,,2020-07-25,Sunday,10.6194020812,20-08-02
EUR,NIO,2021-05-05,Monday,10.4616286483,20-07-02
NAD,XCD,2020-01-04,Saturday,9.0197308819,21-03-23
DOP,USD,2021-04-18,Wednesday,1.5096576393,21-11-16
EUR,GHS,2020-12-11,Saturday,7.6641102177,21-10-30
TRY,TRY,2021-09-01,Monday,9.4240153599,20-03-11
COP,SSP,2021-12-24,Thursday,4.7269283091,20-10-06
AWG,HTG,2021-12-04,Thursday,4.4168947741,20-01-21
TZS,BZD,2021-12-31,Friday,6.8753831944,21-09-23
AUD,XAF,2021-12-08,Saturday,7.5133637451,20-08-22
THB,XCD,2020-09-28,Saturday,4.6299206351,20-11-20
JPY,NGN,2021-11-11,Sunday,10.5338736514,20-06-03
LRD,PAB,2020-07-29,Tuesday,9.9045714183,20-05-10
IDR,HUF,2021-09-24,Sunday,5.9320761478,21-01-31
USD,,2021-08-07,Tuesday,3.0823319241,21-08-22
TRY,COP,2020-04-17,Tuesday,9.5174842916,21-09-29
XCD,CLP,2021-03-07,Thursday,10.6313522379,21-05-16
ILS,ILS,2020-12-20,Friday,5.7082636747,21-01-31
HNL,,2021-08-02,Tuesday,4.395209273,20-08-25
ZAR,AFN,2021-06-10,Tuesday,1.0971732628,20-03-18
CNY,,2021-06-26,Saturday,1.9411627361,20-12-10
ZAR,,2020-11-16,Tuesday,3.8638975963,21-06-02
AUD,MRO,2021-11-23,Tuesday,5.3554756756,21-08-28
MAD,BWP,2021-06-22,Saturday,1.8628472382,20-07-04
USD,BND,2021-01-10,Wednesday,3.4158635619,20-02-13
KYD,BMD,2021-04-26,Thursday,6.3966435669,20-06-22
EUR,CUP,2021-12-17,Tuesday,9.8916722678,20-09-14
EUR,SDG,2021-11-03,Sunday,5.4603339096,20-08-19
NAD,LBP,2021-11-27,Sunday,5.641923183,20-06-24
MYR,XOF,2021-02-15,Wednesday,9.1323637751,20-04-19
JOD,XOF,2021-05-21,Friday,1.9443813479,20-06-17
PLN,USD,2021-04-23,Friday,9.7687868823,20-12-23
ERN,SOS,2020-07-27,Tuesday,2.3702846257,21-10-03
GMD,HTG,2020-12-31,Thursday,8.7093411204,21-05-26
OMR,USD,2020-07-09,Friday,2.5437718822,20-04-12
RON,TZS,2020-04-08,Sunday,1.1954481684,21-02-27
EUR,BWP,2020-09-20,Monday,1.4669897893,20-03-06
DKK,GBP,2021-04-19,Saturday,3.9797613385,21-12-03
USD,CVE,2021-12-31,Saturday,2.4761793301,20-01-21
INR,ILS,2020-06-12,Saturday,3.1479845294,21-04-08
AED,USD,2020-03-08,Friday,2.5788137119,21-01-29
GBP,PAB,2021-12-19,Tuesday,1.6530509627,21-10-04
GYD,BMD,2021-12-29,Sunday,1.9000374288,21-01-11
GNF,SGD,2021-09-28,Tuesday,2.0664791663,21-04-12
VEF,CHF,2021-01-20,Monday,4.6177570747,20-10-23
EUR,EUR,2021-11-26,Friday,8.3902338764,20-04-10
PEN,WST,2021-08-16,Saturday,1.2390335016,20-12-02
SYP,DKK,2020-01-06,Friday,9.0861283817,20-08-22
USD,BOB,2021-10-13,Monday,10.7156824774,21-02-05
XPF,CUP,2021-02-20,Wednesday,6.1282841974,20-05-26
AED,XOF,2021-10-15,Saturday,1.6902586009,20-04-02
SGD,GBP,2021-09-27,Monday,5.0860389922,20-03-14
ILS,EUR,2021-02-21,Thursday,5.3712357225,21-04-11
EUR,BHD,2021-12-17,Thursday,3.8672337565,21-03-10
,SHP,2020-08-12,Monday,9.6569233916,21-02-04
USD,SHP,2020-10-25,Friday,8.0176507437,20-08-23
GBP,JOD,2020-10-15,Sunday,1.1523370645,20-06-18
GGP,SGD,2021-10-05,Saturday,10.9351349343,21-06-10
ETB,FKP,2021-01-30,Friday,5.3943884963,20-03-01
TOP,GBP,2020-12-07,Wednesday,10.8329162475,21-04-27
XCD,SAR,2021-09-10,Tuesday,3.1438451209,20-09-29
LAK,BWP,2021-04-20,Wednesday,5.8295100306,21-02-04
CLP,MGA,2021-01-06,Thursday,10.7846172634,20-05-19
EUR,XOF,2021-12-06,Saturday,3.4192903852,20-10-29
EUR,SLL,2020-05-23,Sunday,3.087391563,20-12-04
KMF,GBP,2020-07-14,Friday,4.6815509321,21-05-14
IQD,GBP,2020-03-19,Tuesday,9.8274999286,21-03-29
XCD,TTD,2021-08-30,Saturday,2.3020263752,20-04-07
EUR,KPW,2021-09-26,Thursday,8.4994942556,20-07-14
EUR,EUR,2021-09-22,Thursday,1.7096046119,20-06-10
EUR,KGS,2020-07-11,Wednesday,2.3409518443,21-02-12
,EUR,2021-05-24,Saturday,6.7632305258,20-11-28
XCD,ANG,2020-11-17,Saturday,2.0080807215,20-02-14
PKR,ANG,2021-07-30,Thursday,3.2087456862,21-11-07
MYR,UAH,2021-12-22,Wednesday,4.306443876,21-06-14
UZS,SGD,2021-05-29,Sunday,10.7956522532,21-01-02
,NZD,2021-06-18,Thursday,3.2104037555,21-07-13
,ISK,2021-09-22,Thursday,2.5019540029,20-04-11
VUV,AOA,2020-05-31,Wednesday,6.5959096351,20-06-17
none,CDF,2021-03-06,Sunday,7.4127301378,21-01-05
EUR,USD,2021-04-06,Tuesday,4.3998079443,20-02-21
ISK,GEL,2021-01-15,Friday,10.6836479874,21-02-24
LYD,BND,2021-11-05,Thursday,10.0001935582,21-06-20
RUB,LKR,2020-09-07,Wednesday,6.8646562814,21-12-31
,ETB,2021-03-28,Monday,4.5780297381,20-06-01
FJD,BIF,2020-03-03,Saturday,1.4401040857,20-02-14
MVR,USD,2020-01-14,Thursday,5.6010992682,21-11-26
QAR,USD,2020-09-22,Tuesday,3.6685396353,20-04-30
THB,XAF,2020-10-13,Tuesday,2.134351593,20-09-28
RON,RUB,2020-10-16,Monday,8.7580267901,21-03-30
RUB,USD,2021-09-22,Monday,2.717570665,20-11-04
GNF,MAD,2021-04-21,Tuesday,6.2146774191,21-02-19
GBP,,2021-01-03,Thursday,5.144164671,21-10-04
PKR,XCD,2020-12-31,Monday,9.3176440178,21-01-21
VEF,NZD,2021-07-03,Wednesday,9.3048086542,21-07-03
RWF,SOS,2020-03-11,Sunday,1.097143637,21-08-24
XCD,IDR,2021-07-17,Saturday,6.4697338215,20-11-20
EUR,USD,2020-07-31,Monday,6.6531679039,20-09-25
SCR,CZK,2020-08-17,Tuesday,3.2577824945,20-07-15
GGP,MDL,2020-10-29,Sunday,9.5460594446,21-12-13
GYD,TMT,2020-06-23,Thursday,6.3035952127,21-06-01
EUR,JOD,2020-06-20,Friday,5.0754889607,21-04-21
LRD,ARS,2021-02-25,Wednesday,9.6509689858,20-08-02
JOD,XOF,2021-08-30,Monday,1.0447828614,20-05-24
BAM,,2021-08-30,Saturday,8.2833565543,20-07-15
XOF,USD,2020-02-22,Wednesday,2.0410787239,21-11-22
HNL,EUR,2021-01-12,Monday,9.2619994793,20-10-10
JMD,GBP,2020-03-30,Monday,6.8669407959,20-01-07
EUR,MRO,2021-09-12,Sunday,1.0201131745,21-04-11
RUB,,2020-02-07,Wednesday,8.565889041,20-01-17
SDG,TRY,2020-12-15,Thursday,1.8311412098,20-02-24
EUR,GBP,2020-07-16,Tuesday,6.5180449545,20-11-19
XOF,EUR,2021-08-11,Tuesday,7.5556073326,20-12-05
INR,SEK,2021-07-26,Sunday,6.452395257,21-09-29
XCD,MAD,2020-03-14,Sunday,1.0093530813,21-07-01
XOF,NZD,2021-07-27,Saturday,1.9223995352,20-05-16
IDR,AOA,2021-11-20,Monday,7.3638449585,20-12-21
USD,SOS,2020-06-05,Thursday,8.5378934799,21-05-27
EUR,BMD,2021-01-03,Wednesday,1.2301252537,20-08-16
EUR,EUR,2021-01-26,Thursday,8.5890504028,21-10-08
ZAR,CAD,2021-05-22,Wednesday,6.2204123167,21-09-09
PKR,XOF,2020-03-27,Tuesday,4.7307454998,21-04-27
DKK,none,2020-10-27,Friday,4.8930378591,21-06-16
THB,TTD,2021-05-02,Monday,9.332299305,21-01-02
ANG,EUR,2021-04-12,Wednesday,10.6293224916,21-05-28
ANG,GTQ,2020-07-02,Monday,8.7665456794,21-04-19
GTQ,,2020-02-19,Thursday,4.2765912066,20-10-26
USD,XCD,2020-06-18,Friday,7.7469934353,21-01-19
MYR,UZS,2021-07-19,Thursday,8.5421400138,21-08-22
USD,XOF,2020-08-05,Thursday,1.389860818,20-11-11
DOP,SGD,2020-08-24,Tuesday,3.0122268239,20-04-12
EUR,XOF,2021-06-12,Thursday,4.0078201636,21-10-25
SHP,EUR,2020-09-15,Wednesday,1.3844163971,21-11-24
TRY,none,2020-09-20,Saturday,3.6543344024,20-02-29
,FKP,2021-01-17,Sunday,9.2354611561,21-01-21
MDL,DKK,2021-11-26,Wednesday,2.8442591093,21-11-28
EUR,CVE,2021-05-11,Thursday,3.54428423,21-05-10
MYR,CVE,2021-08-20,Monday,3.4817007879,21-02-23
USD,TJS,2021-12-25,Saturday,5.8718638413,20-07-09
AOA,AUD,2020-04-09,Thursday,9.6205403036,21-02-23
ZAR,EUR,2021-10-21,Sunday,6.8718641697,21-01-04
EUR,KGS,2021-12-24,Monday,10.9556222789,21-11-06
FKP,EUR,2021-10-08,Thursday,10.2612597171,21-09-11
JMD,NOK,2020-01-18,Sunday,1.7829663887,20-07-24
DJF,GBP,2020-04-13,Monday,9.4140774703,21-04-23
RUB,UZS,2020-06-18,Sunday,1.7719347048,21-06-26
AUD,COP,2020-08-26,Wednesday,5.7304006639,20-10-20
JMD,BOB,2020-04-19,Tuesday,4.9977802586,21-06-30
MNT,ALL,2021-06-21,Tuesday,6.8561532429,20-10-27
AED,USD,2021-05-13,Sunday,1.9870616443,21-08-09
INR,AUD,2021-01-22,Sunday,8.7725585011,21-01-06
USD,FKP,2020-04-10,Friday,10.2164951039,21-06-01
XOF,EUR,2020-12-23,Thursday,3.9839354887,21-05-14
KES,IDR,2021-12-19,Tuesday,7.8532360752,21-03-15
HUF,HTG,2020-10-13,Friday,7.5975361871,21-08-23
DKK,UZS,2020-10-30,Sunday,1.3899509288,20-07-21
XAF,USD,2021-02-24,Sunday,7.5155956437,20-01-26
KHR,BTN,2021-04-30,Saturday,1.529002797,20-12-06
EUR,GBP,2021-06-22,Monday,10.1711128569,20-09-06
AWG,CUC,2020-01-12,Saturday,10.6944688057,21-11-09
MZN,TMT,2020-08-16,Tuesday,1.7978380573,20-07-02
HNL,ILS,2020-07-06,Tuesday,1.8116687025,21-04-22
SGD,GMD,2021-03-26,Tuesday,7.3608258496,20-10-09
TOP,,2021-04-11,Tuesday,8.4904731783,21-02-17
RSD,HUF,2021-08-16,Wednesday,2.3307923182,20-10-03
USD,AFN,2021-12-23,Friday,3.2358888139,20-09-17
ANG,AUD,2020-12-22,Tuesday,7.7378229487,20-01-12
USD,PEN,2021-08-20,Tuesday,8.0610680885,21-12-23
BGN,CZK,2021-10-29,Tuesday,10.6802383521,20-11-21
XAF,SDG,2020-04-17,Thursday,2.3470651843,21-03-26
XOF,CHF,2020-05-08,Wednesday,10.1948560453,20-03-07
SSP,STD,2021-08-22,Saturday,3.373923053,21-10-27
ZMW,EUR,2020-05-06,Thursday,4.0668888247,21-08-07
USD,INR,2020-12-07,Monday,8.6409966627,21-08-28
EUR,KMF,2020-09-27,Tuesday,10.1481457465,20-08-17
GGP,SSP,2020-08-18,Sunday,4.8996181487,21-04-09
STD,SDG,2020-09-26,Saturday,2.4523654143,20-04-30
UYU,EUR,2021-07-18,Tuesday,7.2865772482,21-03-13
FJD,JOD,2020-10-25,Monday,10.574999434,21-05-19
CLP,SGD,2020-03-12,Saturday,5.1417151183,21-04-03
HNL,none,2021-09-01,Monday,2.1178123255,20-09-02
TZS,USD,2020-07-20,Saturday,3.2897809437,20-06-12
KWD,SSP,2021-05-10,Monday,6.4276995417,20-01-02
DZD,CVE,2020-08-29,Monday,6.5468940299,20-10-03
UAH,GEL,2020-09-07,Sunday,10.4782858776,21-10-02
USD,SZL,2020-10-27,Saturday,10.0530199196,21-06-24
SSP,VEF,2021-09-19,Tuesday,4.7188099644,20-06-29
USD,AZN,2020-04-15,Friday,7.0164910068,20-06-22
KGS,HKD,2021-12-23,Saturday,3.9733440209,20-02-22
CVE,GBP,2020-03-29,Sunday,4.873985491,20-04-22
GEL,ZAR,2020-05-19,Thursday,4.1897878616,20-09-26
XPF,GIP,2020-03-11,Friday,2.7651802739,20-01-27
MUR,,2020-09-01,Friday,6.8286179166,21-08-29
FJD,,2020-03-21,Friday,8.261320466,20-10-25
HUF,STD,2021-04-09,Monday,2.4825650299,20-06-05
ETB,AMD,2021-07-25,Friday,6.1338202365,20-01-25
USD,JMD,2020-09-11,Thursday,8.9108443215,21-02-19
MNT,BAM,2020-07-17,Wednesday,5.279717603,21-08-06
USD,CNY,2021-11-18,Wednesday,8.4833163937,20-03-08
EUR,EGP,2021-11-25,Wednesday,2.4500561724,21-04-06
KZT,GHS,2021-09-27,Saturday,6.7335488018,21-11-13
USD,KPW,2020-10-20,Tuesday,10.2599440988,20-08-30
USD,BND,2021-11-12,Tuesday,5.707001222,20-12-16
PHP,ARS,2020-06-29,Monday,9.8392233247,20-01-06
PKR,PGK,2021-11-29,Saturday,4.3248192168,20-02-26
WST,EUR,2021-12-15,Sunday,1.4971885696,21-02-18
,CZK,2020-06-19,Wednesday,8.2145449857,21-12-09
SLL,DKK,2020-11-05,Saturday,1.6045192342,20-04-06
HNL,GBP,2021-03-14,Sunday,3.5434769821,21-10-18
MMK,,2021-02-01,Sunday,2.9716385163,21-04-11
MRO,BIF,2021-02-10,Sunday,7.0908507216,21-12-19
USD,CZK,2021-02-08,Thursday,5.5854357717,20-07-29
CNY,NZD,2020-09-28,Wednesday,8.6983105264,21-12-18
NZD,BAM,2020-04-20,Saturday,3.9590992998,20-12-30
BAM,PEN,2020-03-16,Saturday,3.4163806782,20-02-18
SLL,,2021-12-11,Monday,3.3341327972,21-06-03
GBP,,2021-02-09,Tuesday,7.1937001546,20-11-21
XAF,SEK,2021-04-18,Sunday,8.7889591585,20-05-10
ILS,,2020-05-04,Monday,3.7695659115,21-02-20
BYR,MYR,2020-10-09,Friday,5.5119509167,21-06-26
BGN,MYR,2021-03-12,Tuesday,5.8582464724,21-05-06
GIP,BWP,2021-01-08,Wednesday,3.9654972041,20-03-18
DZD,,2020-08-23,Monday,9.1389865426,20-04-01
TND,EUR,2021-06-10,Monday,4.6771879293,21-11-07
RUB,AMD,2021-09-14,Wednesday,1.1913074819,21-08-23
BYR,BWP,2021-07-04,Thursday,9.2957357309,20-03-23
XCD,CHF,2020-12-02,Monday,5.1146423116,20-05-16
GBP,KZT,2021-10-08,Wednesday,3.8134080964,20-06-29
AED,USD,2020-03-02,Monday,5.8480895737,20-02-23
TND,EUR,2020-02-12,Sunday,9.1007482992,21-05-11
USD,AMD,2021-01-04,Friday,2.2809484784,21-02-15
SRD,ISK,2020-03-09,Monday,10.2650780036,20-11-06
EUR,GNF,2021-04-03,Monday,6.1989735551,21-02-14
XOF,PHP,2020-02-10,Thursday,3.0992187496,21-03-21
PGK,GGP,2020-10-12,Sunday,3.0873972239,20-09-20
UYU,KHR,2021-08-15,Wednesday,3.9190588342,20-02-11
DKK,GMD,2021-08-07,Sunday,3.0899833956,20-06-24
EUR,,2021-01-07,Saturday,1.8979887595,21-09-25
EUR,BND,2021-10-18,Thursday,3.2225314233,21-02-25
ZAR,SDG,2020-06-27,Wednesday,6.6612442025,21-10-26
USD,,2021-01-01,Wednesday,1.1783836245,20-08-20
XPF,HTG,2020-11-04,Friday,5.5756206488,21-12-11
SHP,VUV,2021-06-24,Tuesday,10.8232866615,20-01-19
GYD,GHS,2020-12-12,Thursday,7.0550144581,20-04-09
CHF,none,2021-09-17,Friday,10.5122073759,21-06-28
EUR,EUR,2020-07-04,Thursday,8.7648916438,20-01-14
,GBP,2021-12-24,Tuesday,3.6488063775,20-10-19
EUR,TJS,2021-10-05,Wednesday,3.5832869736,20-03-24
USD,USD,2020-06-28,Thursday,5.390512695,20-12-16
BOB,XPF,2021-04-29,Wednesday,9.5727526087,20-11-10
RSD,XCD,2021-06-02,Saturday,6.4581155712,21-03-31
BDT,EUR,2020-06-12,Sunday,3.3521553203,21-10-04
IDR,CVE,2021-03-05,Thursday,10.4585180267,21-09-05
USD,NGN,2021-07-23,Wednesday,7.1595271129,21-04-26
MKD,,2021-02-28,Wednesday,2.4826045101,20-07-06
SOS,XAF,2020-06-23,Monday,2.9014396841,21-12-01
ERN,USD,2020-10-15,Saturday,10.9662575118,20-03-19
BAM,QAR,2021-05-26,Monday,3.2879919484,20-04-28
RSD,BWP,2021-01-19,Thursday,7.2538260835,20-05-13
MAD,EUR,2021-10-31,Friday,4.7535015499,20-02-26
UYU,EUR,2020-04-13,Tuesday,8.14917273,21-12-11
USD,MAD,2020-01-22,Tuesday,6.2104626596,20-10-11
XCD,USD,2021-11-03,Sunday,2.0449839851,21-06-30
XCD,USD,2020-10-05,Thursday,7.6110877452,20-06-04
STD,USD,2021-07-16,Monday,9.2327880803,21-04-14
,DOP,2021-07-09,Wednesday,6.551447277,21-12-17
MUR,EUR,2020-11-10,Wednesday,10.8841665712,20-11-04
EUR,JMD,2021-10-03,Monday,2.8192444943,21-11-05
XOF,,2020-07-20,Tuesday,3.5985113684,21-12-07
BMD,SAR,2020-02-21,Saturday,2.9077863513,21-05-20
XCD,VUV,2020-07-18,Monday,10.4623214238,20-06-24
BDT,SRD,2021-06-25,Sunday,6.9059497743,20-05-21
,GBP,2020-07-20,Wednesday,4.960683726,21-08-31
KHR,MGA,2020-08-30,Wednesday,4.7897459933,21-08-14
ANG,WST,2020-09-23,Wednesday,8.9680909031,20-04-01
CLP,SZL,2021-08-31,Tuesday,3.9580592821,20-06-11
PHP,RUB,2020-05-10,Monday,2.5439799394,20-11-10
INR,WST,2020-09-10,Tuesday,10.0425883577,20-05-17
HTG,MOP,2020-05-04,Friday,3.9649862408,20-04-29
XPF,DKK,2020-11-03,Wednesday,3.0406756852,20-08-22
LBP,EUR,2020-08-10,Tuesday,2.4404501171,21-09-16
AZN,EUR,2020-05-25,Saturday,4.9760593744,20-05-12
IRR,MXN,2021-07-28,Monday,9.0819764799,21-11-05
GTQ,KZT,2021-04-15,Thursday,7.1045940237,21-11-20
EUR,EUR,2020-06-21,Monday,7.9844707106,20-08-10
EUR,,2021-11-14,Thursday,6.3654705811,20-08-13
RUB,EUR,2020-04-21,Monday,8.1284075255,21-06-13
ISK,EUR,2021-07-16,Monday,1.0999057208,21-12-14
XOF,ILS,2021-06-21,Wednesday,4.7212116627,20-07-09
BGN,MKD,2020-03-28,Wednesday,10.820198338,21-03-14
RON,INR,2020-04-01,Thursday,1.5327078414,20-12-29
STD,SHP,2020-09-15,Thursday,6.3516844369,20-08-24
RUB,ZAR,2020-04-07,Saturday,6.3325352048,20-07-11
EGP,UGX,2020-03-13,Friday,1.3761087265,20-11-17
BND,AUD,2020-12-21,Saturday,6.4900037513,21-05-28
AMD,CAD,2021-11-10,Tuesday,5.8209464275,20-04-25
CAD,ERN,2020-10-20,Friday,8.0132768228,20-06-17
ISK,XCD,2021-02-04,Monday,5.0834632915,21-08-01
GNF,,2021-07-05,Thursday,1.8935075512,21-01-01
INR,BSD,2020-02-18,Saturday,5.4087749106,20-09-05
BOB,RUB,2021-07-23,Friday,7.9734928122,20-11-30
MWK,EUR,2020-01-15,Wednesday,3.2443410481,20-09-18
UZS,HKD,2021-07-02,Wednesday,3.834752261,21-04-12
XAF,ILS,2020-10-19,Monday,8.5217063127,21-07-12
LRD,HTG,2021-01-30,Saturday,3.9069897623,21-08-27
BRL,JPY,2021-08-09,Saturday,1.706561637,20-07-16
GEL,GHS,2021-10-09,Thursday,10.5410245931,21-12-25
USD,XAF,2021-09-23,Sunday,5.8497442312,21-03-02
UYU,NOK,2021-10-21,Friday,6.0742326349,20-04-17
CZK,USD,2021-01-02,Wednesday,7.0209269666,20-05-16
KMF,,2020-08-25,Saturday,3.6458633315,20-06-23
SGD,CRC,2020-06-05,Sunday,6.9640279568,20-08-13
GBP,EUR,2020-05-08,Friday,8.1380559816,21-06-17
XAF,EUR,2021-05-17,Sunday,4.6702705907,20-03-16
KHR,NZD,2020-04-02,Thursday,8.9075446865,20-11-09
RWF,INR,2021-04-23,Monday,3.9543922315,20-02-15
USD,GGP,2021-09-06,Friday,6.9605997801,20-04-23
GBP,USD,2020-06-27,Tuesday,9.7966519603,21-08-21
KES,TRY,2020-05-27,Wednesday,9.2597751317,21-11-26
ZAR,MXN,2020-09-06,Saturday,5.0275063829,21-03-03
IQD,CZK,2021-03-23,Thursday,8.0933648436,20-03-04
USD,NZD,2021-12-06,Monday,10.7007777666,20-04-03
JOD,BTN,2020-11-30,Thursday,5.3007093831,21-05-16
IDR,PAB,2020-09-05,Monday,5.2743314058,21-06-22
VND,CLP,2021-10-15,Tuesday,6.9732330653,20-03-22
,HNL,2021-06-03,Wednesday,5.1230503822,20-02-08
,PGK,2021-11-22,Tuesday,2.2614744937,21-02-14
KHR,EUR,2021-08-27,Wednesday,1.4920152827,21-05-29
LYD,BGN,2021-07-28,Wednesday,10.3165668391,21-01-27
,TZS,2020-06-19,Tuesday,9.6571592829,20-01-03
CLP,SOS,2020-04-12,Thursday,10.8758106401,20-09-16
AMD,,2020-05-22,Sunday,6.5339614923,20-07-15
KGS,KES,2020-01-18,Sunday,7.4761035102,20-12-22
GMD,,2020-09-14,Sunday,6.0353063801,20-02-16
KHR,BZD,2021-06-27,Wednesday,7.465318897,20-05-05
JMD,DKK,2021-02-14,Saturday,3.3290665836,20-05-06
,BDT,2021-01-01,Wednesday,6.8179419116,20-06-08
XPF,TOP,2020-12-07,Thursday,4.3197518472,21-11-08
XCD,USD,2020-09-30,Monday,10.6661777163,20-01-14
EUR,LYD,2021-09-08,Sunday,7.700838295,20-03-25
HTG,HKD,2021-03-26,Tuesday,2.0079049295,20-09-28
ILS,GMD,2020-04-25,Tuesday,9.8993997658,20-11-25
UZS,XOF,2021-09-23,Tuesday,10.0739600882,21-12-29
GNF,SGD,2020-08-11,Sunday,5.1704855853,20-12-04
MGA,SBD,2020-07-17,Wednesday,3.4157226318,20-04-13
AUD,RUB,2021-07-03,Saturday,3.7069719477,20-09-27
USD,SBD,2020-05-14,Sunday,9.3996130254,20-09-10
UGX,UYU,2021-03-24,Sunday,7.6973553537,20-08-10
STD,AFN,2020-10-31,Thursday,3.9339727265,21-09-08
MMK,HRK,2020-02-13,Sunday,1.7463335687,20-01-16
XAF,BOB,2020-06-26,Thursday,9.2672086872,21-01-06
HUF,NOK,2021-07-18,Saturday,7.1799077667,20-09-28
RUB,ZAR,2020-09-26,Saturday,10.7273142681,21-06-09
XCD,BMD,2021-12-08,Thursday,3.5843669953,21-01-10
MVR,EUR,2020-09-18,Saturday,5.4732977668,20-07-16
KPW,LKR,2021-09-01,Thursday,6.8969461015,21-11-25
,AMD,2020-05-11,Tuesday,10.9830097564,22-01-01
PYG,TND,2020-02-28,Wednesday,9.7176904015,21-06-20
SYP,EUR,2020-11-27,Sunday,2.3112088852,21-03-15
ISK,AOA,2020-12-11,Wednesday,2.8819382685,20-01-06
,XPF,2021-07-13,Thursday,7.5531680461,20-11-27
XOF,XCD,2021-10-28,Thursday,7.1705550805,21-01-03
ZAR,CLP,2021-06-28,Tuesday,9.146676108,20-02-22
FJD,EUR,2020-10-26,Friday,1.6389639513,20-01-22
,HUF,2020-03-14,Thursday,2.0686119289,20-09-22
STD,MGA,2021-07-03,Wednesday,9.3952195874,21-02-14
LSL,ANG,2021-03-31,Friday,7.8426453769,21-09-14
GBP,SCR,2020-08-14,Saturday,2.217431274,20-06-18
ISK,EUR,2021-05-15,Tuesday,6.762904247,21-11-28
,KHR,2020-11-13,Thursday,7.969603651,20-11-21
SGD,AZN,2020-02-27,Tuesday,5.1852880716,20-10-08
XPF,INR,2020-06-13,Saturday,10.8072395524,20-09-13
MOP,XCD,2021-09-25,Friday,10.2124587911,21-01-30
XPF,,2020-12-20,Sunday,1.5469401173,21-07-03
AZN,EUR,2020-06-10,Friday,8.6107242078,21-04-14
,MNT,2020-04-04,Monday,7.2797149733,20-08-25
MAD,JPY,2021-02-17,Sunday,6.6908678917,21-04-22
BAM,MXN,2020-03-09,Thursday,2.6156311292,21-03-15
KYD,none,2021-01-21,Tuesday,8.8503538357,20-03-11
EUR,AUD,2020-05-07,Wednesday,1.3147475096,21-01-22
KWD,,2021-06-28,Sunday,9.5368735212,21-05-11
UZS,IRR,2020-04-23,Saturday,1.8784797397,20-03-28
EUR,EUR,2020-01-03,Wednesday,3.1959081579,20-10-03
INR,GBP,2020-05-20,Monday,2.1856079429,20-02-16
EUR,,2020-07-13,Friday,6.8113290155,21-01-22
FKP,NAD,2021-03-27,Tuesday,4.6797041216,20-02-14
BWP,TND,2020-06-28,Saturday,7.5426239167,21-10-22
KWD,EUR,2021-10-05,Friday,10.7739134638,20-05-16
JPY,PKR,2021-10-22,Saturday,2.6275321691,20-06-18
AWG,XCD,2021-05-14,Monday,10.4538371722,21-09-24
CRC,AFN,2021-07-16,Sunday,2.7012335098,20-05-16
EUR,FJD,2020-05-31,Thursday,2.6233023247,21-03-22
SHP,RUB,2020-11-12,Thursday,5.4104585051,21-09-03
GBP,LRD,2021-07-28,Thursday,5.5410116111,20-03-08
RSD,XOF,2020-09-16,Wednesday,10.9734399966,20-10-28
XPF,XOF,2021-08-16,Saturday,7.630845549,21-11-27
RUB,EUR,2021-10-08,Monday,5.9095221598,20-01-16
KZT,TZS,2021-11-01,Wednesday,10.5656509057,21-03-08
EUR,DJF,2021-05-15,Wednesday,8.5503610085,21-12-24
SGD,EUR,2021-09-28,Sunday,5.521141475,20-02-05
EUR,AMD,2021-04-22,Wednesday,7.8638092115,20-04-18
MRO,GHS,2020-04-01,Saturday,1.3052747971,20-04-27
EUR,USD,2020-07-29,Thursday,7.6598156123,20-01-17
SHP,XCD,2021-04-07,Thursday,3.8577106923,20-06-30
CAD,MDL,2020-01-03,Tuesday,4.7783575363,21-03-23
MDL,TMT,2020-10-13,Friday,1.3479621595,20-07-05
BRL,KMF,2021-05-09,Friday,8.5742407157,20-06-22
JOD,XCD,2020-07-13,Saturday,6.3899120434,21-07-02
,EUR,2021-03-04,Wednesday,4.0666955148,20-09-19
,LRD,2020-03-11,Sunday,1.3804277771,20-07-28
XPF,AWG,2021-09-03,Monday,2.3667675382,21-05-20
RUB,,2021-01-14,Tuesday,2.8360802581,20-06-13
IQD,CLP,2021-08-20,Saturday,10.6319105935,20-05-23
XAF,LBP,2021-01-20,Saturday,4.7596463285,20-09-13
USD,DJF,2020-06-25,Thursday,7.8672361528,20-12-14
GEL,XAF,2020-06-24,Thursday,8.269569865,21-12-14
TRY,USD,2020-12-09,Monday,1.1747183176,21-03-26
JOD,PEN,2020-12-23,Sunday,1.3701385102,20-03-20
EUR,PGK,2020-06-21,Monday,3.5929585569,21-09-18
DZD,NZD,2021-01-27,Thursday,5.6057217225,21-08-24
AWG,SYP,2021-10-02,Wednesday,3.175038645,20-02-04
TZS,MZN,2021-04-05,Saturday,4.9746699338,21-07-15
SHP,,2021-01-06,Monday,9.7367730656,20-07-01
CRC,XOF,2020-05-23,Sunday,8.0895498366,21-08-07
SHP,,2020-10-04,Friday,9.7595144877,20-11-17
,DKK,2020-12-12,Saturday,10.5433259447,21-12-20
TOP,,2021-12-30,Thursday,2.9725374666,20-03-02
BND,USD,2020-02-25,Wednesday,8.3314867632,20-05-19
none,EUR,2020-11-04,Monday,3.1419172098,20-04-25
USD,CHF,2020-06-12,Thursday,3.7622387684,21-05-13
SZL,LBP,2020-09-10,Wednesday,4.6129504943,20-04-25
AUD,NOK,2021-12-19,Tuesday,8.1145034198,21-03-31
DZD,,2020-09-15,Sunday,6.4867937721,20-01-17
EUR,SAR,2020-05-28,Thursday,4.5017058858,21-03-13
none,ERN,2021-02-03,Monday,9.5736911547,21-08-10
XCD,CZK,2021-07-05,Monday,10.6086694189,21-06-16
GBP,TOP,2021-07-11,Monday,5.9709064526,21-03-03
,USD,2020-06-25,Wednesday,2.265038771,21-07-05
TOP,BMD,2021-09-11,Thursday,5.312825304,20-11-03
NGN,CRC,2021-06-22,Thursday,4.7030354142,20-10-24
BND,,2021-01-15,Monday,4.6166034861,21-02-03
XOF,XCD,2021-12-19,Thursday,7.1870774687,20-08-27
SHP,GYD,2021-10-03,Tuesday,4.2388113383,21-04-23
EUR,SHP,2020-04-11,Wednesday,7.9628500914,21-07-24
KMF,KRW,2020-05-14,Friday,10.8356633491,20-01-06
CZK,EUR,2020-04-17,Thursday,6.5115700141,21-01-28
,ILS,2020-12-14,Tuesday,2.8941296344,21-08-09
NZD,USD,2021-02-21,Thursday,3.9304235454,20-08-02
USD,TJS,2020-12-07,Thursday,9.465476089,21-06-12
SHP,MVR,2021-05-03,Sunday,10.8104687483,20-07-03
ZAR,XAF,2020-02-20,Thursday,9.843769342,20-08-09
SHP,BND,2021-07-21,Saturday,4.4363467916,21-01-20
RUB,RON,2020-07-03,Friday,10.7872536636,20-04-25
EUR,MZN,2020-11-09,Tuesday,3.8976398689,20-05-19
XOF,PEN,2020-09-09,Thursday,1.3294861246,21-02-16
GTQ,GBP,2020-02-13,Friday,7.3667731193,20-11-10
,MYR,2021-09-18,Monday,6.0615240496,20-02-19
IQD,GBP,2020-08-10,Tuesday,3.536013742,21-06-12
MXN,RWF,2021-08-25,Sunday,5.9562888652,20-09-22
UAH,CRC,2021-03-09,Thursday,7.6293807362,21-06-27
MRO,MUR,2021-05-28,Sunday,8.6807660083,21-01-20
OMR,GHS,2020-03-27,Monday,2.9489277311,21-06-20
XPF,EUR,2021-04-24,Sunday,5.6299709426,20-04-21
,BZD,2021-06-07,Sunday,4.1996549505,20-09-16
BRL,XCD,2021-09-18,Sunday,8.9407083253,21-08-28
AOA,TZS,2021-07-04,Monday,5.0074736666,20-07-05
KYD,MWK,2021-08-13,Thursday,9.5757919511,21-06-17
ANG,XCD,2020-03-25,Tuesday,6.5434356617,21-05-16
SBD,USD,2021-10-11,Saturday,6.2812330709,21-12-17
,LRD,2020-01-03,Sunday,9.3448924292,20-04-13
LYD,DZD,2021-08-23,Friday,5.4172387319,21-11-06
RWF,CVE,2020-05-21,Monday,1.3297370415,21-08-18
ILS,USD,2020-07-16,Saturday,6.2683375554,20-02-08
XAF,MWK,2020-02-25,Monday,8.3975951935,20-10-27
XPF,,2021-04-19,Saturday,7.2194982145,20-03-14
BND,VUV,2020-09-27,Saturday,6.3156755693,21-10-29
EUR,ARS,2021-12-21,Sunday,4.8535480826,20-04-12
,AUD,2021-11-23,Monday,9.8741055924,21-01-06
HKD,,2020-10-16,Saturday,3.9616882673,21-02-12
THB,TRY,2021-09-30,Friday,9.9304887855,21-11-28
AMD,,2021-05-18,Tuesday,8.0056312098,21-07-29
SGD,,2021-07-10,Sunday,7.6393858613,21-07-24
EUR,PLN,2021-10-11,Wednesday,6.8936118572,21-08-20
AMD,GBP,2020-04-10,Thursday,10.1602223284,20-02-10
INR,DKK,2020-02-14,Monday,5.3044607212,21-12-30
DOP,none,2020-12-30,Friday,4.4003710049,20-12-04
AUD,GYD,2021-06-25,Tuesday,5.8347230879,21-06-06
EUR,XOF,2020-03-22,Monday,3.2803272257,20-08-25
MMK,NZD,2021-01-19,Monday,9.3106999576,20-09-07
KPW,ISK,2021-01-28,Sunday,1.0346995639,20-01-09
XAF,BGN,2021-01-20,Friday,6.5998871434,21-11-13
DOP,SGD,2021-10-13,Sunday,4.204889734,21-05-26
JMD,MAD,2021-02-11,Saturday,2.3019403063,21-02-22
EUR,TZS,2020-11-17,Saturday,2.1601548195,21-10-07
ISK,AUD,2021-02-11,Thursday,6.1721342077,20-06-10
PAB,SAR,2021-08-22,Wednesday,5.0061010766,20-01-12
AZN,CUC,2020-10-11,Sunday,9.957443648,21-08-13
KWD,TWD,2021-12-20,Monday,5.3342099509,20-01-18
OMR,XPF,2020-07-10,Sunday,9.9054707964,20-04-17
VUV,RSD,2021-11-03,Monday,9.8206139112,20-04-29
GYD,,2021-10-04,Wednesday,3.5242612529,21-06-15
TRY,MOP,2020-04-03,Wednesday,10.5078579461,20-10-19
RUB,,2022-01-01,Tuesday,5.9183296104,20-11-30
XCD,ZAR,2021-10-02,Saturday,2.2263941227,20-03-09
SAR,KGS,2020-02-20,Wednesday,4.9064204578,21-09-10
XPF,GNF,2021-11-21,Wednesday,1.2579276562,21-02-19
PGK,ISK,2020-04-24,Friday,7.5820400188,21-05-21
CHF,GBP,2021-09-04,Friday,1.4320971914,21-02-17
XOF,ANG,2020-06-24,Tuesday,4.7108290259,20-04-30
ILS,USD,2021-05-24,Monday,1.4866701801,21-08-17
EUR,MAD,2020-10-15,Saturday,1.7190054485,20-01-24
INR,KZT,2020-12-03,Tuesday,6.2234382837,20-10-12
XOF,ERN,2020-06-07,Friday,9.0030027591,21-08-01
GTQ,XCD,2020-12-06,Monday,6.4780982009,20-03-21
BYR,,2021-12-11,Tuesday,3.0310886293,21-11-01
QAR,,2020-09-01,Thursday,5.4485992658,21-12-23
EUR,USD,2021-10-01,Friday,2.2729111192,20-10-15
ARS,LKR,2021-03-10,Tuesday,4.3098931504,20-01-03
MAD,EUR,2020-05-01,Monday,1.5315904637,20-08-12
EUR,MGA,2021-01-15,Tuesday,6.279113468,20-02-08
COP,MVR,2021-08-22,Saturday,4.720072006,20-10-14
VEF,KYD,2020-09-16,Sunday,9.1089936533,21-08-21
GNF,SHP,2020-06-28,Sunday,1.9923097948,21-09-24
DKK,NIO,2021-11-05,Saturday,6.2358692686,21-08-23
THB,EUR,2021-10-15,Saturday,4.9933640453,20-05-04
USD,SAR,2020-02-24,Sunday,1.3638910822,20-10-01
ERN,BBD,2021-07-29,Thursday,4.0575551689,20-03-03
SEK,USD,2020-11-04,Thursday,5.2614694155,20-07-29
CDF,USD,2021-06-27,Wednesday,2.166653819,21-11-15
CUP,GYD,2020-12-11,Wednesday,1.0905393544,21-02-19
CLP,XCD,2020-08-20,Saturday,10.5682462253,20-03-13
EUR,GIP,2020-02-05,Friday,7.5116303563,21-10-13
AWG,ZAR,2021-08-02,Sunday,7.7038590427,20-01-01
MAD,CUC,2021-05-14,Sunday,10.4847877454,20-08-02
RON,KHR,2020-07-02,Monday,7.3475714413,21-08-01
MVR,,2020-05-12,Saturday,1.8501353777,20-08-20
,BAM,2020-02-20,Thursday,6.8444500873,20-06-09
MZN,EUR,2020-07-05,Thursday,8.2276322477,21-06-25
EUR,USD,2020-08-17,Wednesday,1.7912347275,21-09-10
ZAR,HNL,2021-08-30,Tuesday,8.8422001158,21-07-08
MOP,KPW,2020-10-29,Tuesday,5.5365122094,21-11-13
JOD,,2020-07-15,Wednesday,10.3711616443,20-06-26
BWP,,2020-12-02,Wednesday,8.1705618963,21-03-30
TND,,2020-12-06,Saturday,2.0673504274,21-08-16
EUR,none,2021-02-10,Saturday,10.0009790016,21-11-17
XPF,,2021-12-23,Wednesday,3.9062673876,21-04-19
XCD,RUB,2020-03-16,Wednesday,10.0371304485,21-03-04
,EUR,2021-05-28,Tuesday,8.0116344951,20-04-06
USD,HUF,2021-07-11,Monday,8.8092542659,21-09-14
ANG,AOA,2020-04-09,Sunday,1.9332846532,21-10-20
NGN,KRW,2021-02-13,Saturday,9.8933974372,20-11-29
EUR,EUR,2020-01-08,Tuesday,7.8940281113,20-04-08
RUB,BWP,2020-08-01,Sunday,9.8656691472,21-02-06
ANG,,2021-10-14,Wednesday,6.5328096759,21-06-23
GGP,IQD,2020-01-20,Saturday,2.1763978338,20-06-03
,UAH,2020-07-04,Sunday,1.6917174514,20-01-11
HUF,EUR,2020-04-25,Wednesday,4.2300151111,20-02-09
AFN,HTG,2020-05-29,Friday,4.5314222641,20-04-28
AMD,EUR,2021-07-09,Sunday,2.9285810534,21-02-23
CHF,,2020-02-12,Saturday,3.6878157776,20-10-08
,USD,2020-04-12,Monday,9.0326327981,20-12-26
AFN,,2020-04-15,Tuesday,6.5767963978,20-12-28
XAF,ETB,2020-11-19,Wednesday,5.0794499003,21-11-24
TRY,ZAR,2021-04-26,Sunday,3.839143563,20-05-07
EUR,GGP,2020-12-26,Tuesday,7.9590242497,20-12-30
AUD,TOP,2021-05-29,Monday,4.0323681779,21-07-19
UZS,XOF,2020-05-25,Sunday,6.6274000445,21-10-24
PAB,GBP,2021-05-14,Saturday,4.0156337201,20-11-01
EUR,XCD,2020-05-31,Monday,8.1811469656,20-04-01
AMD,XAF,2020-08-07,Saturday,6.6571756038,20-07-07
BND,XCD,2021-06-10,Sunday,7.9223963681,20-05-30
RUB,EUR,2021-04-08,Sunday,2.1751667261,20-08-07
MAD,DKK,2021-11-03,Tuesday,4.1597244016,21-05-06
NZD,AMD,2020-10-15,Monday,7.322105543,21-01-17
ZAR,LYD,2021-08-21,Sunday,4.8604240723,21-07-30
EUR,GHS,2020-06-13,Thursday,1.9677715058,21-10-05
,,2020-03-24,Sunday,8.0844274181,20-10-22
MNT,MRO,2021-10-13,Wednesday,4.4970119479,21-03-30
EUR,MWK,2021-01-02,Monday,8.8825097566,20-10-03
EUR,JPY,2020-06-12,Tuesday,3.4833635865,20-07-15
MWK,XCD,2020-01-11,Monday,3.9469626429,20-03-24
EUR,BBD,2020-11-13,Friday,9.1906251999,20-06-17
JOD,AUD,2020-01-16,Wednesday,5.091113942,20-04-28
IRR,PAB,2020-10-14,Monday,9.2424854534,20-08-19
,MVR,2021-04-11,Sunday,7.1814163668,20-04-03
EUR,EUR,2020-07-29,Wednesday,6.1927413511,21-11-18
DOP,USD,2021-08-21,Monday,8.8720931408,21-09-18
EUR,NZD,2021-03-17,Thursday,4.4305529811,21-04-05
JOD,MRO,2021-04-12,Friday,8.080727441,21-05-21
,USD,2021-04-14,Friday,4.2909098174,21-04-30
FKP,AZN,2021-01-18,Monday,3.8106652973,21-01-14
USD,PYG,2021-03-11,Thursday,9.7264572978,20-12-10
DZD,EUR,2020-01-05,Saturday,3.3875155585,20-11-19
ERN,BGN,2020-02-10,Wednesday,2.7519625388,21-11-27
EUR,CHF,2021-06-09,Tuesday,2.9805692397,20-08-05
TMT,USD,2021-06-30,Saturday,2.9773597408,21-02-23
KZT,BWP,2020-12-06,Monday,10.1454299641,20-12-28
CNY,XAF,2020-04-13,Monday,1.0025690801,20-08-21
,EUR,2020-09-10,Monday,10.3055557574,21-11-09
LYD,USD,2020-08-21,Friday,5.3166278642,20-01-15
CDF,XAF,2021-09-08,Monday,7.8754689071,21-02-24
ILS,GYD,2021-05-31,Tuesday,3.3795364936,21-10-18
,XAF,2021-02-03,Wednesday,6.8622603482,21-08-12
BWP,TND,2021-12-12,Tuesday,3.7731071451,20-05-15
AUD,ETB,2020-12-26,Sunday,3.6813886527,20-07-20
GGP,BYR,2021-12-03,Tuesday,4.3885273592,20-10-09
GIP,CUC,2020-10-23,Saturday,5.9893751381,21-08-24
EUR,NGN,2021-12-17,Tuesday,4.3353030343,20-04-27
GMD,BSD,2021-08-13,Monday,9.0629041149,20-06-25
PHP,USD,2020-09-25,Tuesday,1.386534978,21-12-26
USD,TRY,2020-04-26,Friday,5.4702421265,20-04-04
HRK,NIO,2021-07-22,Sunday,3.7999680719,21-11-15
INR,USD,2021-06-06,Sunday,4.5195065672,21-10-08
INR,ALL,2020-01-07,Sunday,10.0841294762,20-09-03
SZL,NZD,2020-03-24,Sunday,10.4081439864,20-11-27
RUB,MVR,2020-01-09,Monday,9.4296273556,21-06-03
JOD,BAM,2020-10-13,Thursday,1.5650518058,21-10-23
MDL,BWP,2020-05-16,Wednesday,8.4855595501,20-08-30
none,PYG,2021-10-08,Monday,8.9506183461,21-03-17
QAR,XPF,2020-10-19,Monday,10.4263705302,20-01-10
SEK,BAM,2021-01-04,Saturday,7.0763824854,21-03-07
USD,EUR,2021-04-22,Sunday,2.254189495,21-04-13
SOS,USD,2020-11-27,Saturday,7.6800734515,20-12-17
CNY,EUR,2020-05-05,Sunday,7.8114094923,21-03-29
XOF,BZD,2021-11-02,Thursday,8.4476408634,20-06-14
SGD,EUR,2020-02-27,Sunday,6.2974550659,21-07-26
XCD,CHF,2021-12-21,Monday,3.337382965,20-08-09
BBD,RUB,2021-10-17,Friday,9.3670138111,20-03-25
XAF,EUR,2021-01-20,Thursday,1.2255464939,20-02-26
CDF,TTD,2020-11-26,Wednesday,1.6634508104,20-08-02
LKR,LSL,2020-11-23,Friday,5.7499557799,20-01-29
CAD,BOB,2021-04-02,Wednesday,7.6537302801,20-02-09
SZL,DJF,2020-08-16,Friday,4.5129282695,20-04-23
YER,SDG,2021-02-20,Saturday,10.1751580066,20-02-14
CNY,IRR,2020-05-12,Tuesday,7.825644786,21-04-29
LYD,KWD,2020-05-13,Tuesday,1.8997670948,21-07-16
SOS,GGP,2020-08-31,Wednesday,2.5203059036,20-04-16
UYU,VEF,2021-12-10,Sunday,1.0184442337,20-10-27
XCD,,2020-09-01,Thursday,1.5830370791,21-07-30
PKR,SGD,2021-02-22,Wednesday,4.7305240232,20-03-23
CHF,EUR,2021-04-03,Monday,8.0910169339,21-07-15
FJD,GGP,2020-09-11,Monday,6.5998558862,20-05-05
USD,IQD,2020-04-16,Wednesday,1.6387777846,20-01-02
ILS,CVE,2021-04-23,Thursday,5.4303733016,21-03-19
EUR,GBP,2021-03-30,Wednesday,9.5360160387,20-10-24
UZS,GBP,2021-10-05,Tuesday,4.8010190404,20-08-07
GBP,SSP,2021-08-14,Tuesday,2.6959556241,21-10-27
TMT,PKR,2021-02-07,Monday,4.4422742682,20-02-21
INR,LKR,2021-10-28,Sunday,3.2690691367,20-01-13
XCD,,2020-11-01,Tuesday,6.6097899547,20-03-02
SHP,LYD,2020-11-30,Monday,5.3867184683,21-12-23
IDR,COP,2021-01-07,Sunday,1.1543013928,20-02-09
AFN,AMD,2020-08-14,Monday,2.5372697699,20-11-23
,EUR,2020-09-12,Tuesday,2.0989930298,21-05-16
IDR,CUP,2021-10-03,Monday,5.6785507513,21-02-22
USD,XAF,2021-10-10,Thursday,10.3407936713,21-10-23
SEK,EUR,2020-09-13,Friday,1.088327619,21-01-26
SDG,RSD,2021-02-18,Wednesday,3.7644535,21-10-14
XPF,USD,2020-08-05,Thursday,9.6124718516,21-04-02
INR,CHF,2021-10-08,Sunday,9.5306760699,20-10-03
HUF,BND,2021-05-04,Friday,3.2384563417,20-04-09
ZAR,KGS,2021-08-19,Friday,6.5052811834,20-10-19
,JPY,2021-06-14,Tuesday,5.2361313175,20-10-13
,AFN,2020-04-09,Sunday,9.374313191,21-06-27
EUR,BND,2020-11-07,Sunday,2.7321832473,20-06-09
CHF,USD,2021-08-12,Sunday,4.6598293729,20-09-08
USD,UAH,2021-12-12,Saturday,4.8767607176,21-07-13
KES,BDT,2021-03-24,Friday,1.2048626575,21-02-05
,EUR,2020-12-11,Tuesday,5.2264061454,21-01-14
HRK,LAK,2020-12-23,Monday,5.5686032693,20-02-19
AOA,,2020-05-29,Thursday,6.9431755672,21-11-28
XCD,EUR,2021-09-11,Tuesday,4.4941778592,20-04-17
IQD,SLL,2020-03-20,Saturday,4.1239798931,20-08-08
USD,,2020-11-06,Tuesday,9.1153225748,20-01-14
EUR,JOD,2020-02-14,Wednesday,9.933684309,20-10-29
STD,PEN,2021-03-29,Tuesday,8.935936462,20-12-30
XCD,BAM,2020-12-22,Sunday,4.2218216201,21-12-28
USD,BTN,2021-05-08,Monday,2.7356666212,21-07-15
ARS,EUR,2020-01-20,Thursday,5.9433790876,20-02-11
USD,CVE,2021-10-04,Wednesday,1.6972902297,20-02-21
GBP,,2020-01-06,Monday,7.4348835254,20-10-05
EUR,GTQ,2020-10-02,Sunday,1.2585075456,20-08-12
WST,QAR,2020-09-15,Monday,8.4997504168,21-05-17
STD,RUB,2021-05-15,Sunday,9.1018919562,21-05-22
KGS,MAD,2021-08-17,Friday,8.5502811355,20-02-24
KRW,EUR,2021-12-18,Monday,3.6231157704,21-02-05
HNL,LKR,2020-12-12,Tuesday,2.3452542891,21-03-07
XOF,KRW,2021-11-19,Friday,7.7430625949,20-10-14
MYR,KMF,2021-06-14,Thursday,6.3464336545,21-08-15
JMD,AUD,2021-12-04,Saturday,7.5817061457,20-04-27
XPF,EUR,2021-07-07,Wednesday,8.8681557714,20-04-23
none,BMD,2020-05-13,Friday,3.338868139,21-11-05
CAD,VEF,2020-06-06,Tuesday,7.5741872327,21-11-06
XCD,USD,2021-04-05,Thursday,7.0074837516,21-06-12
VEF,,2020-02-01,Sunday,1.9360801007,21-09-19
SHP,XCD,2021-06-08,Monday,4.8385831133,21-06-22
MAD,XAF,2020-01-31,Monday,6.2708265845,21-09-26
BOB,EUR,2021-08-16,Sunday,10.595376004,20-09-18
MDL,,2021-08-25,Thursday,1.1171020192,20-02-12
INR,GEL,2021-11-12,Sunday,5.7783332418,20-03-28
,LBP,2020-04-20,Friday,9.5702814366,20-06-26
DZD,CZK,2020-07-29,Tuesday,3.2504557831,20-06-11
BWP,CRC,2021-03-06,Monday,3.8340851583,21-03-06
DJF,ZAR,2020-02-27,Tuesday,6.9896551649,20-10-26
PGK,BTN,2020-01-05,Sunday,9.5419335817,20-12-30
UZS,EUR,2021-06-10,Wednesday,4.72701572,21-12-14
BMD,CRC,2021-09-18,Monday,6.003033273,21-08-09
ANG,EUR,2021-08-18,Sunday,2.2700499551,20-04-04
XAF,XAF,2020-09-14,Friday,3.050804687,21-07-11
IDR,,2020-04-01,Saturday,9.9087210849,21-12-09
BWP,,2021-05-20,Monday,8.5319198092,21-02-25
BRL,CLP,2020-06-25,Tuesday,5.2069626359,21-02-22
EUR,AUD,2020-05-01,Thursday,6.1276111701,21-06-25
SHP,DZD,2020-11-04,Monday,5.2315893606,20-08-06
NOK,EUR,2021-12-31,Monday,3.1036505543,20-09-05
GIP,EUR,2021-12-05,Sunday,10.3135212465,21-12-22
,BYR,2021-06-21,Sunday,2.7832785449,21-10-24
MKD,USD,2021-07-28,Thursday,10.5062953919,21-06-04
BAM,XCD,2020-04-13,Saturday,10.9244353786,20-11-11
BDT,,2021-08-19,Thursday,2.423777652,20-06-02
XOF,PYG,2020-01-20,Friday,6.8868445802,21-10-18
KHR,,2020-10-05,Thursday,4.7654205066,21-07-22
EUR,,2020-07-24,Saturday,1.3557817736,21-06-23
ZAR,KPW,2021-07-08,Thursday,9.085773764,21-07-22
GEL,RUB,2020-02-19,Monday,9.0191750522,21-11-23
XCD,XAF,2020-10-24,Saturday,2.8070880543,20-02-17
AUD,CUC,2021-02-26,Tuesday,2.2811313866,21-06-22
ILS,XCD,2020-03-26,Wednesday,3.3542777427,20-05-05
,GIP,2021-02-04,Monday,4.9266582293,21-12-30
DKK,XOF,2021-12-18,Thursday,10.9525816698,20-10-09
ILS,RUB,2021-05-10,Wednesday,9.1263625674,20-10-18
CUP,SDG,2020-11-20,Saturday,6.710677985,21-10-14
USD,BYR,2021-03-06,Thursday,2.5466094906,21-04-16
MNT,WST,2021-03-22,Sunday,1.7108038251,20-09-23
MMK,EUR,2021-02-21,Thursday,4.3477823391,20-09-03
BSD,BZD,2021-10-18,Monday,2.1881027007,21-08-11
XCD,RUB,2020-04-30,Sunday,3.4101315462,21-06-10
EUR,EUR,2020-05-31,Friday,6.1679581057,20-10-10
THB,NZD,2021-03-02,Sunday,7.1535416804,21-04-16
AUD,TWD,2020-09-08,Tuesday,4.742539116,20-04-25
HRK,CVE,2020-01-11,Tuesday,8.5786156155,20-11-25
DJF,USD,2020-03-20,Wednesday,2.6587212705,21-02-09
FJD,CHF,2021-12-11,Thursday,2.488534757,20-03-28
EUR,OMR,2021-02-13,Tuesday,9.6083450902,20-09-30
SRD,,2020-06-04,Saturday,3.4492837905,20-03-19
CDF,,2021-07-14,Thursday,3.5843915156,20-04-03
RUB,BIF,2020-09-03,Thursday,6.1435354647,20-09-27
CNY,EUR,2020-07-16,Friday,8.6796952151,21-02-06
USD,SLL,2020-11-30,Monday,7.8777178798,20-04-18
XAF,NZD,2020-10-17,Thursday,8.2879675549,20-04-26
NPR,EUR,2020-01-29,Sunday,1.9735474549,21-07-24
PLN,XCD,2020-10-11,Saturday,1.3963116321,20-11-09
,BND,2021-08-30,Sunday,6.3844603241,20-10-07
PYG,DZD,2021-02-17,Tuesday,1.450738594,20-08-20
EUR,TRY,2020-06-03,Wednesday,9.0554002036,20-10-27
MUR,BBD,2020-02-27,Friday,10.4118158296,21-07-26
SHP,SYP,2020-04-21,Sunday,8.444075934,20-01-14
KWD,EUR,2021-01-21,Thursday,8.4331588485,21-02-23
AOA,EUR,2020-11-27,Tuesday,6.7563073017,21-07-22
GHS,PAB,2020-03-30,Sunday,5.7441072106,20-10-19
SDG,EUR,2020-11-05,Thursday,10.1178322932,21-02-27
XPF,NZD,2021-11-26,Sunday,6.5422097776,20-02-25
BGN,TTD,2020-12-13,Monday,1.7072166531,20-06-26
EUR,,2020-03-17,Thursday,9.0262845108,21-10-19
EUR,CDF,2020-05-15,Sunday,1.0734541611,21-05-23
EUR,AZN,2021-10-01,Thursday,6.9192633402,21-01-22
USD,PAB,2021-07-25,Thursday,7.2139710955,20-10-20
SGD,XOF,2020-08-13,Thursday,4.3489948557,20-05-29
GHS,XOF,2020-04-20,Tuesday,6.2656648142,20-04-04
AUD,ERN,2021-05-31,Wednesday,7.1615760656,21-03-10
WST,AZN,2020-09-06,Sunday,3.5666689735,21-11-30
XCD,KPW,2020-08-27,Wednesday,4.6233847981,21-12-09
EUR,,2021-10-14,Monday,1.6482861727,20-03-09
SHP,NZD,2020-04-15,Sunday,3.3107323057,20-10-22
,,2021-12-29,Thursday,6.1570460632,21-09-13
TMT,INR,2020-02-10,Friday,8.7893579579,21-10-04
CAD,AMD,2020-02-02,Friday,2.4134228137,20-06-30
USD,UZS,2020-07-14,Thursday,8.5788376588,21-11-20
IDR,BMD,2020-01-05,Wednesday,10.5339614147,20-10-03
XOF,SBD,2021-02-19,Wednesday,8.3771722914,21-02-28
BSD,TRY,2021-08-13,Thursday,5.3856633989,21-12-21
XOF,CVE,2021-09-06,Saturday,7.6859179128,21-07-02
MKD,XPF,2021-11-05,Saturday,4.3605429147,20-04-02
,EUR,2020-03-27,Sunday,7.9070272913,21-03-26
SBD,none,2020-05-07,Tuesday,2.5401117851,20-04-07
INR,,2021-11-29,Tuesday,5.4101093109,21-09-28
XAF,RUB,2020-02-24,Friday,3.1371112939,20-07-22
SYP,GIP,2021-12-13,Wednesday,9.6733405056,21-05-24
GEL,ISK,2021-03-21,Tuesday,5.2305990916,20-11-13
KPW,none,2020-05-02,Sunday,9.6454380378,20-06-09
BND,EUR,2020-02-10,Tuesday,5.776696061,20-03-29
XCD,KHR,2021-05-27,Sunday,4.6523772768,21-12-29
EUR,AMD,2021-03-25,Monday,3.8082036377,20-11-23
ETB,,2021-02-15,Sunday,5.3982935394,21-01-21
MZN,EUR,2021-12-25,Friday,8.3277997256,21-05-20
USD,none,2020-10-27,Monday,5.1123547271,20-05-23
DKK,XPF,2021-12-29,Saturday,1.2254056727,20-03-16
,AZN,2021-03-14,Saturday,3.7932855994,20-03-30
PYG,EUR,2020-08-29,Thursday,10.8304271966,21-11-05
EUR,DZD,2021-03-18,Sunday,7.2022482288,20-04-25
JOD,UYU,2020-06-18,Wednesday,4.4077488602,20-12-11
MYR,TRY,2021-03-19,Tuesday,8.738880196,21-09-23
UAH,NAD,2020-05-06,Sunday,10.2437423933,20-01-07
,none,2020-11-23,Sunday,9.5013786293,20-10-12
EUR,LSL,2020-03-15,Friday,10.4465377582,21-10-27
MXN,,2021-10-27,Thursday,10.2665906957,21-07-22
TMT,GBP,2020-08-14,Sunday,3.5978696009,21-05-03
HRK,XCD,2021-10-31,Tuesday,6.8602525582,20-07-02
EUR,MUR,2021-10-09,Friday,9.8373444511,20-07-05
BBD,HRK,2021-10-19,Monday,3.257317015,20-11-02
THB,,2021-06-03,Monday,7.7604234421,20-01-30
CLP,GBP,2020-09-20,Friday,7.6001800319,20-04-01
BZD,MDL,2021-07-01,Saturday,4.770042435,20-01-26
PGK,CDF,2020-09-26,Wednesday,10.277470279,20-01-23
PYG,BSD,2020-09-30,Monday,4.0389203525,20-11-11
EUR,MXN,2021-04-24,Saturday,6.0622701926,21-07-14
LAK,FKP,2021-02-27,Friday,1.8567038781,20-12-17
EUR,MMK,2020-12-21,Tuesday,9.2524298144,21-04-13
GGP,NZD,2021-12-01,Monday,9.8757576831,20-04-30
EUR,EUR,2020-02-27,Tuesday,9.0819124562,20-06-20
,XCD,2021-12-19,Friday,1.7285573848,21-02-23
,USD,2020-06-04,Thursday,1.2534026858,20-10-20
USD,IQD,2020-11-14,Wednesday,2.889662533,20-01-27
MAD,TMT,2020-09-05,Wednesday,4.3505445893,20-06-06
,MYR,2020-01-22,Monday,5.330795028,21-06-20